Workbook
Name ExternalData_1: temp_data!#REF!
Name ExternalData_10: temp_data!$A$1:$S$1
Name ExternalData_11: temp_data!$A$1:$S$1
Name ExternalData_12: temp_data!$A$1:$S$1
Name ExternalData_13: temp_data!$A$1:$S$1
Name ExternalData_14: temp_data!$A$1:$S$1
Name ExternalData_15: temp_data!$A$1:$S$1
Name ExternalData_16: temp_data!$A$1:$S$1
Name ExternalData_17: temp_data!$A$1:$S$1
Name ExternalData_18: temp_data!$A$1:$S$1
Name ExternalData_19: temp_data!$A$1:$S$1
Name ExternalData_2: temp_data!#REF!
Name ExternalData_20: temp_data!$A$1:$S$1
Name ExternalData_21: temp_data!$A$1:$S$1
Name ExternalData_22: temp_data!$A$1:$S$1
Name ExternalData_23: temp_data!$A$1:$S$1
Name ExternalData_24: temp_data!$A$1:$S$1
Name ExternalData_25: temp_data!$A$1:$S$1
Name ExternalData_3: temp_data!#REF!
Name ExternalData_4: temp_data!#REF!
Name ExternalData_5: temp_data!#REF!
Name ExternalData_6: temp_data!#REF!
Name ExternalData_7: temp_data!#REF!
Name ExternalData_8: temp_data!#REF!
Name ExternalData_9: temp_data!#REF!

Sheet Orig
A1: CR Basic Info | F1: System info | K1: MHM Details | Y1: Data demographics
A2: CR# | B2: CR_Short_Desc | C2: CR_End_date | D2: chg_assignment_group | E2: chg_assigned_to | F2: Account | G2: Siteid | H2: Solution_type | I2: Platform_Type | J2: DB_ver | K2: Node#_cur | L2: AMP#_cur | M2: Node#_new | N2: AMP#_new | O2: Est_redisct | P2: Est_del | Q2: Est_Total | R2: Act_redist_offline | S2: Act_redist_online | T2: Act_del | U2: Act_Total | V2: avg_throughput | W2: max_throughput | X2: min_throughput | Y2: DB_Size(TB) | Z2: Empty_tbl# | AA2: S_tbl# | AB2: M_tbl# | AC2: L_tbl#

Sheet James-Update
A1: CR Basic Info | H1: MHM Details | Q1: Data demographics
A2: CR# | B2: CR_End_date | C2: chg_assignment_group | D2: chg_assigned_to | E2: Siteid | F2: Platform_Type | G2: DB_ver | H2: Node#_cur | I2: AMP#_cur | J2: Node#_new | K2: AMP#_new | L2: Est_redisct | M2: Est_del | N2: Est_Total | O2: Act_Total | P2: Avg_throughput | Q2: Uncmpressed Size | R2: Compression Ratio | S2: DB_Size(TB) | T2: Empty_tbl# | U2: TB_tbl# | V2: GB_tbl# | W2: MB_tbl# | X2: Total tbls
A3: =IF(temp_data!A1="","",temp_data!A1) -> CHG0239666 | F3: =IFERROR(_xlfn.XLOOKUP(A3,temp_data!A:A,temp_data!D:D,""),"") -> IFX_2.1.1 | H3: =IFERROR(_xlfn.XLOOKUP(A3,temp_data!A:A,temp_data!E:E,""),"") -> 24 | I3: =IFERROR(_xlfn.XLOOKUP(A3,temp_data!A:A,temp_data!F:F,""),"") -> 576 | J3: =IFERROR(_xlfn.XLOOKUP(A3,temp_data!A:A,temp_data!G:G,""),"") -> 32 | K3: =IFERROR(_xlfn.XLOOKUP(A3,temp_data!A:A,temp_data!H:H,""),"") -> 768 | L3: =IFERROR(_xlfn.XLOOKUP(A3,temp_data!A:A,temp_data!I:I,""),"") -> 6.54 | M3: =IFERROR(_xlfn.XLOOKUP(A3,temp_data!A:A,temp_data!J:J,""),"") -> 20.25 | N3: =IFERROR(_xlfn.XLOOKUP(A3,temp_data!A:A,temp_data!K:K,""),"") -> 26.79 | O3: =IFERROR(_xlfn.XLOOKUP(A3,temp_data!A:A,temp_data!B:B,""),"") -> 30 | P3: =IFERROR(_xlfn.XLOOKUP(A3,temp_data!A:A,temp_data!C:C,""),"") -> 29.49 | Q3: =IFERROR(_xlfn.XLOOKUP(A3,temp_data!A:A,temp_data!L:L,""),"") -> 884.751 | R3: =IFERROR(_xlfn.XLOOKUP(A3,temp_data!A:A,temp_data!N:N,""),"") -> 4.33 | S3: =IFERROR(_xlfn.XLOOKUP(A3,temp_data!A:A,temp_data!M:M,""),"") -> 204.20 | T3: =IFERROR(_xlfn.XLOOKUP(A3,temp_data!A:A,temp_data!O:O,""),"") -> 96143 | U3: =IFERROR(_xlfn.XLOOKUP(A3,temp_data!A:A,temp_data!P:P,""),"") -> 152 | V3: =IFERROR(_xlfn.XLOOKUP(A3,temp_data!A:A,temp_data!Q:Q,""),"") -> 11462 | W3: =IFERROR(_xlfn.XLOOKUP(A3,temp_data!A:A,temp_data!R:R,""),"") -> 91818 | X3: =IFERROR(_xlfn.XLOOKUP(A3,temp_data!A:A,temp_data!S:S,""),"") -> 199575
A4: =IF(temp_data!A2="","",temp_data!A2) | F4: =IFERROR(_xlfn.XLOOKUP(A4,temp_data!A:A,temp_data!D:D,""),"") | H4: =IFERROR(_xlfn.XLOOKUP(A4,temp_data!A:A,temp_data!E:E,""),"") | I4: =IFERROR(_xlfn.XLOOKUP(A4,temp_data!A:A,temp_data!F:F,""),"") | J4: =IFERROR(_xlfn.XLOOKUP(A4,temp_data!A:A,temp_data!G:G,""),"") | K4: =IFERROR(_xlfn.XLOOKUP(A4,temp_data!A:A,temp_data!H:H,""),"") | L4: =IFERROR(_xlfn.XLOOKUP(A4,temp_data!A:A,temp_data!I:I,""),"") | M4: =IFERROR(_xlfn.XLOOKUP(A4,temp_data!A:A,temp_data!J:J,""),"") | N4: =IFERROR(_xlfn.XLOOKUP(A4,temp_data!A:A,temp_data!K:K,""),"") | O4: =IFERROR(_xlfn.XLOOKUP(A4,temp_data!A:A,temp_data!B:B,""),"") | P4: =IFERROR(_xlfn.XLOOKUP(A4,temp_data!A:A,temp_data!C:C,""),"") | Q4: =IFERROR(_xlfn.XLOOKUP(A4,temp_data!A:A,temp_data!L:L,""),"") | R4: =IFERROR(_xlfn.XLOOKUP(A4,temp_data!A:A,temp_data!N:N,""),"") | S4: =IFERROR(_xlfn.XLOOKUP(A4,temp_data!A:A,temp_data!M:M,""),"") | T4: =IFERROR(_xlfn.XLOOKUP(A4,temp_data!A:A,temp_data!O:O,""),"") | U4: =IFERROR(_xlfn.XLOOKUP(A4,temp_data!A:A,temp_data!P:P,""),"") | V4: =IFERROR(_xlfn.XLOOKUP(A4,temp_data!A:A,temp_data!Q:Q,""),"") | W4: =IFERROR(_xlfn.XLOOKUP(A4,temp_data!A:A,temp_data!R:R,""),"") | X4: =IFERROR(_xlfn.XLOOKUP(A4,temp_data!A:A,temp_data!S:S,""),"")
A5: =IF(temp_data!A3="","",temp_data!A3) | F5: =IFERROR(_xlfn.XLOOKUP(A5,temp_data!A:A,temp_data!D:D,""),"") | H5: =IFERROR(_xlfn.XLOOKUP(A5,temp_data!A:A,temp_data!E:E,""),"") | I5: =IFERROR(_xlfn.XLOOKUP(A5,temp_data!A:A,temp_data!F:F,""),"") | J5: =IFERROR(_xlfn.XLOOKUP(A5,temp_data!A:A,temp_data!G:G,""),"") | K5: =IFERROR(_xlfn.XLOOKUP(A5,temp_data!A:A,temp_data!H:H,""),"") | L5: =IFERROR(_xlfn.XLOOKUP(A5,temp_data!A:A,temp_data!I:I,""),"") | M5: =IFERROR(_xlfn.XLOOKUP(A5,temp_data!A:A,temp_data!J:J,""),"") | N5: =IFERROR(_xlfn.XLOOKUP(A5,temp_data!A:A,temp_data!K:K,""),"") | O5: =IFERROR(_xlfn.XLOOKUP(A5,temp_data!A:A,temp_data!B:B,""),"") | P5: =IFERROR(_xlfn.XLOOKUP(A5,temp_data!A:A,temp_data!C:C,""),"") | Q5: =IFERROR(_xlfn.XLOOKUP(A5,temp_data!A:A,temp_data!L:L,""),"") | R5: =IFERROR(_xlfn.XLOOKUP(A5,temp_data!A:A,temp_data!N:N,""),"") | S5: =IFERROR(_xlfn.XLOOKUP(A5,temp_data!A:A,temp_data!M:M,""),"") | T5: =IFERROR(_xlfn.XLOOKUP(A5,temp_data!A:A,temp_data!O:O,""),"") | U5: =IFERROR(_xlfn.XLOOKUP(A5,temp_data!A:A,temp_data!P:P,""),"") | V5: =IFERROR(_xlfn.XLOOKUP(A5,temp_data!A:A,temp_data!Q:Q,""),"") | W5: =IFERROR(_xlfn.XLOOKUP(A5,temp_data!A:A,temp_data!R:R,""),"") | X5: =IFERROR(_xlfn.XLOOKUP(A5,temp_data!A:A,temp_data!S:S,""),"")
A6: =IF(temp_data!A4="","",temp_data!A4) | F6: =IFERROR(_xlfn.XLOOKUP(A6,temp_data!A:A,temp_data!D:D,""),"") | H6: =IFERROR(_xlfn.XLOOKUP(A6,temp_data!A:A,temp_data!E:E,""),"") | I6: =IFERROR(_xlfn.XLOOKUP(A6,temp_data!A:A,temp_data!F:F,""),"") | J6: =IFERROR(_xlfn.XLOOKUP(A6,temp_data!A:A,temp_data!G:G,""),"") | K6: =IFERROR(_xlfn.XLOOKUP(A6,temp_data!A:A,temp_data!H:H,""),"") | L6: =IFERROR(_xlfn.XLOOKUP(A6,temp_data!A:A,temp_data!I:I,""),"") | M6: =IFERROR(_xlfn.XLOOKUP(A6,temp_data!A:A,temp_data!J:J,""),"") | N6: =IFERROR(_xlfn.XLOOKUP(A6,temp_data!A:A,temp_data!K:K,""),"") | O6: =IFERROR(_xlfn.XLOOKUP(A6,temp_data!A:A,temp_data!B:B,""),"") | P6: =IFERROR(_xlfn.XLOOKUP(A6,temp_data!A:A,temp_data!C:C,""),"") | Q6: =IFERROR(_xlfn.XLOOKUP(A6,temp_data!A:A,temp_data!L:L,""),"") | R6: =IFERROR(_xlfn.XLOOKUP(A6,temp_data!A:A,temp_data!N:N,""),"") | S6: =IFERROR(_xlfn.XLOOKUP(A6,temp_data!A:A,temp_data!M:M,""),"") | T6: =IFERROR(_xlfn.XLOOKUP(A6,temp_data!A:A,temp_data!O:O,""),"") | U6: =IFERROR(_xlfn.XLOOKUP(A6,temp_data!A:A,temp_data!P:P,""),"") | V6: =IFERROR(_xlfn.XLOOKUP(A6,temp_data!A:A,temp_data!Q:Q,""),"") | W6: =IFERROR(_xlfn.XLOOKUP(A6,temp_data!A:A,temp_data!R:R,""),"") | X6: =IFERROR(_xlfn.XLOOKUP(A6,temp_data!A:A,temp_data!S:S,""),"")
A7: =IF(temp_data!A5="","",temp_data!A5) | F7: =IFERROR(_xlfn.XLOOKUP(A7,temp_data!A:A,temp_data!D:D,""),"") | H7: =IFERROR(_xlfn.XLOOKUP(A7,temp_data!A:A,temp_data!E:E,""),"") | I7: =IFERROR(_xlfn.XLOOKUP(A7,temp_data!A:A,temp_data!F:F,""),"") | J7: =IFERROR(_xlfn.XLOOKUP(A7,temp_data!A:A,temp_data!G:G,""),"") | K7: =IFERROR(_xlfn.XLOOKUP(A7,temp_data!A:A,temp_data!H:H,""),"") | L7: =IFERROR(_xlfn.XLOOKUP(A7,temp_data!A:A,temp_data!I:I,""),"") | M7: =IFERROR(_xlfn.XLOOKUP(A7,temp_data!A:A,temp_data!J:J,""),"") | N7: =IFERROR(_xlfn.XLOOKUP(A7,temp_data!A:A,temp_data!K:K,""),"") | O7: =IFERROR(_xlfn.XLOOKUP(A7,temp_data!A:A,temp_data!B:B,""),"") | P7: =IFERROR(_xlfn.XLOOKUP(A7,temp_data!A:A,temp_data!C:C,""),"") | Q7: =IFERROR(_xlfn.XLOOKUP(A7,temp_data!A:A,temp_data!L:L,""),"") | R7: =IFERROR(_xlfn.XLOOKUP(A7,temp_data!A:A,temp_data!N:N,""),"") | S7: =IFERROR(_xlfn.XLOOKUP(A7,temp_data!A:A,temp_data!M:M,""),"") | T7: =IFERROR(_xlfn.XLOOKUP(A7,temp_data!A:A,temp_data!O:O,""),"") | U7: =IFERROR(_xlfn.XLOOKUP(A7,temp_data!A:A,temp_data!P:P,""),"") | V7: =IFERROR(_xlfn.XLOOKUP(A7,temp_data!A:A,temp_data!Q:Q,""),"") | W7: =IFERROR(_xlfn.XLOOKUP(A7,temp_data!A:A,temp_data!R:R,""),"") | X7: =IFERROR(_xlfn.XLOOKUP(A7,temp_data!A:A,temp_data!S:S,""),"")
A8: =IF(temp_data!A6="","",temp_data!A6) | F8: =IFERROR(_xlfn.XLOOKUP(A8,temp_data!A:A,temp_data!D:D,""),"") | H8: =IFERROR(_xlfn.XLOOKUP(A8,temp_data!A:A,temp_data!E:E,""),"") | I8: =IFERROR(_xlfn.XLOOKUP(A8,temp_data!A:A,temp_data!F:F,""),"") | J8: =IFERROR(_xlfn.XLOOKUP(A8,temp_data!A:A,temp_data!G:G,""),"") | K8: =IFERROR(_xlfn.XLOOKUP(A8,temp_data!A:A,temp_data!H:H,""),"") | L8: =IFERROR(_xlfn.XLOOKUP(A8,temp_data!A:A,temp_data!I:I,""),"") | M8: =IFERROR(_xlfn.XLOOKUP(A8,temp_data!A:A,temp_data!J:J,""),"") | N8: =IFERROR(_xlfn.XLOOKUP(A8,temp_data!A:A,temp_data!K:K,""),"") | O8: =IFERROR(_xlfn.XLOOKUP(A8,temp_data!A:A,temp_data!B:B,""),"") | P8: =IFERROR(_xlfn.XLOOKUP(A8,temp_data!A:A,temp_data!C:C,""),"") | Q8: =IFERROR(_xlfn.XLOOKUP(A8,temp_data!A:A,temp_data!L:L,""),"") | R8: =IFERROR(_xlfn.XLOOKUP(A8,temp_data!A:A,temp_data!N:N,""),"") | S8: =IFERROR(_xlfn.XLOOKUP(A8,temp_data!A:A,temp_data!M:M,""),"") | T8: =IFERROR(_xlfn.XLOOKUP(A8,temp_data!A:A,temp_data!O:O,""),"") | U8: =IFERROR(_xlfn.XLOOKUP(A8,temp_data!A:A,temp_data!P:P,""),"") | V8: =IFERROR(_xlfn.XLOOKUP(A8,temp_data!A:A,temp_data!Q:Q,""),"") | W8: =IFERROR(_xlfn.XLOOKUP(A8,temp_data!A:A,temp_data!R:R,""),"") | X8: =IFERROR(_xlfn.XLOOKUP(A8,temp_data!A:A,temp_data!S:S,""),"")
A9: =IF(temp_data!A7="","",temp_data!A7) | F9: =IFERROR(_xlfn.XLOOKUP(A9,temp_data!A:A,temp_data!D:D,""),"") | H9: =IFERROR(_xlfn.XLOOKUP(A9,temp_data!A:A,temp_data!E:E,""),"") | I9: =IFERROR(_xlfn.XLOOKUP(A9,temp_data!A:A,temp_data!F:F,""),"") | J9: =IFERROR(_xlfn.XLOOKUP(A9,temp_data!A:A,temp_data!G:G,""),"") | K9: =IFERROR(_xlfn.XLOOKUP(A9,temp_data!A:A,temp_data!H:H,""),"") | L9: =IFERROR(_xlfn.XLOOKUP(A9,temp_data!A:A,temp_data!I:I,""),"") | M9: =IFERROR(_xlfn.XLOOKUP(A9,temp_data!A:A,temp_data!J:J,""),"") | N9: =IFERROR(_xlfn.XLOOKUP(A9,temp_data!A:A,temp_data!K:K,""),"") | O9: =IFERROR(_xlfn.XLOOKUP(A9,temp_data!A:A,temp_data!B:B,""),"") | P9: =IFERROR(_xlfn.XLOOKUP(A9,temp_data!A:A,temp_data!C:C,""),"") | Q9: =IFERROR(_xlfn.XLOOKUP(A9,temp_data!A:A,temp_data!L:L,""),"") | R9: =IFERROR(_xlfn.XLOOKUP(A9,temp_data!A:A,temp_data!N:N,""),"") | S9: =IFERROR(_xlfn.XLOOKUP(A9,temp_data!A:A,temp_data!M:M,""),"") | T9: =IFERROR(_xlfn.XLOOKUP(A9,temp_data!A:A,temp_data!O:O,""),"") | U9: =IFERROR(_xlfn.XLOOKUP(A9,temp_data!A:A,temp_data!P:P,""),"") | V9: =IFERROR(_xlfn.XLOOKUP(A9,temp_data!A:A,temp_data!Q:Q,""),"") | W9: =IFERROR(_xlfn.XLOOKUP(A9,temp_data!A:A,temp_data!R:R,""),"") | X9: =IFERROR(_xlfn.XLOOKUP(A9,temp_data!A:A,temp_data!S:S,""),"")
A10: =IF(temp_data!A8="","",temp_data!A8) | F10: =IFERROR(_xlfn.XLOOKUP(A10,temp_data!A:A,temp_data!D:D,""),"") | H10: =IFERROR(_xlfn.XLOOKUP(A10,temp_data!A:A,temp_data!E:E,""),"") | I10: =IFERROR(_xlfn.XLOOKUP(A10,temp_data!A:A,temp_data!F:F,""),"") | J10: =IFERROR(_xlfn.XLOOKUP(A10,temp_data!A:A,temp_data!G:G,""),"") | K10: =IFERROR(_xlfn.XLOOKUP(A10,temp_data!A:A,temp_data!H:H,""),"") | L10: =IFERROR(_xlfn.XLOOKUP(A10,temp_data!A:A,temp_data!I:I,""),"") | M10: =IFERROR(_xlfn.XLOOKUP(A10,temp_data!A:A,temp_data!J:J,""),"") | N10: =IFERROR(_xlfn.XLOOKUP(A10,temp_data!A:A,temp_data!K:K,""),"") | O10: =IFERROR(_xlfn.XLOOKUP(A10,temp_data!A:A,temp_data!B:B,""),"") | P10: =IFERROR(_xlfn.XLOOKUP(A10,temp_data!A:A,temp_data!C:C,""),"") | Q10: =IFERROR(_xlfn.XLOOKUP(A10,temp_data!A:A,temp_data!L:L,""),"") | R10: =IFERROR(_xlfn.XLOOKUP(A10,temp_data!A:A,temp_data!N:N,""),"") | S10: =IFERROR(_xlfn.XLOOKUP(A10,temp_data!A:A,temp_data!M:M,""),"") | T10: =IFERROR(_xlfn.XLOOKUP(A10,temp_data!A:A,temp_data!O:O,""),"") | U10: =IFERROR(_xlfn.XLOOKUP(A10,temp_data!A:A,temp_data!P:P,""),"") | V10: =IFERROR(_xlfn.XLOOKUP(A10,temp_data!A:A,temp_data!Q:Q,""),"") | W10: =IFERROR(_xlfn.XLOOKUP(A10,temp_data!A:A,temp_data!R:R,""),"") | X10: =IFERROR(_xlfn.XLOOKUP(A10,temp_data!A:A,temp_data!S:S,""),"")
A11: =IF(temp_data!A9="","",temp_data!A9) | F11: =IFERROR(_xlfn.XLOOKUP(A11,temp_data!A:A,temp_data!D:D,""),"") | H11: =IFERROR(_xlfn.XLOOKUP(A11,temp_data!A:A,temp_data!E:E,""),"") | I11: =IFERROR(_xlfn.XLOOKUP(A11,temp_data!A:A,temp_data!F:F,""),"") | J11: =IFERROR(_xlfn.XLOOKUP(A11,temp_data!A:A,temp_data!G:G,""),"") | K11: =IFERROR(_xlfn.XLOOKUP(A11,temp_data!A:A,temp_data!H:H,""),"") | L11: =IFERROR(_xlfn.XLOOKUP(A11,temp_data!A:A,temp_data!I:I,""),"") | M11: =IFERROR(_xlfn.XLOOKUP(A11,temp_data!A:A,temp_data!J:J,""),"") | N11: =IFERROR(_xlfn.XLOOKUP(A11,temp_data!A:A,temp_data!K:K,""),"") | O11: =IFERROR(_xlfn.XLOOKUP(A11,temp_data!A:A,temp_data!B:B,""),"") | P11: =IFERROR(_xlfn.XLOOKUP(A11,temp_data!A:A,temp_data!C:C,""),"") | Q11: =IFERROR(_xlfn.XLOOKUP(A11,temp_data!A:A,temp_data!L:L,""),"") | R11: =IFERROR(_xlfn.XLOOKUP(A11,temp_data!A:A,temp_data!N:N,""),"") | S11: =IFERROR(_xlfn.XLOOKUP(A11,temp_data!A:A,temp_data!M:M,""),"") | T11: =IFERROR(_xlfn.XLOOKUP(A11,temp_data!A:A,temp_data!O:O,""),"") | U11: =IFERROR(_xlfn.XLOOKUP(A11,temp_data!A:A,temp_data!P:P,""),"") | V11: =IFERROR(_xlfn.XLOOKUP(A11,temp_data!A:A,temp_data!Q:Q,""),"") | W11: =IFERROR(_xlfn.XLOOKUP(A11,temp_data!A:A,temp_data!R:R,""),"") | X11: =IFERROR(_xlfn.XLOOKUP(A11,temp_data!A:A,temp_data!S:S,""),"")
A12: =IF(temp_data!A10="","",temp_data!A10) | F12: =IFERROR(_xlfn.XLOOKUP(A12,temp_data!A:A,temp_data!D:D,""),"") | H12: =IFERROR(_xlfn.XLOOKUP(A12,temp_data!A:A,temp_data!E:E,""),"") | I12: =IFERROR(_xlfn.XLOOKUP(A12,temp_data!A:A,temp_data!F:F,""),"") | J12: =IFERROR(_xlfn.XLOOKUP(A12,temp_data!A:A,temp_data!G:G,""),"") | K12: =IFERROR(_xlfn.XLOOKUP(A12,temp_data!A:A,temp_data!H:H,""),"") | L12: =IFERROR(_xlfn.XLOOKUP(A12,temp_data!A:A,temp_data!I:I,""),"") | M12: =IFERROR(_xlfn.XLOOKUP(A12,temp_data!A:A,temp_data!J:J,""),"") | N12: =IFERROR(_xlfn.XLOOKUP(A12,temp_data!A:A,temp_data!K:K,""),"") | O12: =IFERROR(_xlfn.XLOOKUP(A12,temp_data!A:A,temp_data!B:B,""),"") | P12: =IFERROR(_xlfn.XLOOKUP(A12,temp_data!A:A,temp_data!C:C,""),"") | Q12: =IFERROR(_xlfn.XLOOKUP(A12,temp_data!A:A,temp_data!L:L,""),"") | R12: =IFERROR(_xlfn.XLOOKUP(A12,temp_data!A:A,temp_data!N:N,""),"") | S12: =IFERROR(_xlfn.XLOOKUP(A12,temp_data!A:A,temp_data!M:M,""),"") | T12: =IFERROR(_xlfn.XLOOKUP(A12,temp_data!A:A,temp_data!O:O,""),"") | U12: =IFERROR(_xlfn.XLOOKUP(A12,temp_data!A:A,temp_data!P:P,""),"") | V12: =IFERROR(_xlfn.XLOOKUP(A12,temp_data!A:A,temp_data!Q:Q,""),"") | W12: =IFERROR(_xlfn.XLOOKUP(A12,temp_data!A:A,temp_data!R:R,""),"") | X12: =IFERROR(_xlfn.XLOOKUP(A12,temp_data!A:A,temp_data!S:S,""),"")
A13: =IF(temp_data!A11="","",temp_data!A11) | F13: =IFERROR(_xlfn.XLOOKUP(A13,temp_data!A:A,temp_data!D:D,""),"") | H13: =IFERROR(_xlfn.XLOOKUP(A13,temp_data!A:A,temp_data!E:E,""),"") | I13: =IFERROR(_xlfn.XLOOKUP(A13,temp_data!A:A,temp_data!F:F,""),"") | J13: =IFERROR(_xlfn.XLOOKUP(A13,temp_data!A:A,temp_data!G:G,""),"") | K13: =IFERROR(_xlfn.XLOOKUP(A13,temp_data!A:A,temp_data!H:H,""),"") | L13: =IFERROR(_xlfn.XLOOKUP(A13,temp_data!A:A,temp_data!I:I,""),"") | M13: =IFERROR(_xlfn.XLOOKUP(A13,temp_data!A:A,temp_data!J:J,""),"") | N13: =IFERROR(_xlfn.XLOOKUP(A13,temp_data!A:A,temp_data!K:K,""),"") | O13: =IFERROR(_xlfn.XLOOKUP(A13,temp_data!A:A,temp_data!B:B,""),"") | P13: =IFERROR(_xlfn.XLOOKUP(A13,temp_data!A:A,temp_data!C:C,""),"") | Q13: =IFERROR(_xlfn.XLOOKUP(A13,temp_data!A:A,temp_data!L:L,""),"") | R13: =IFERROR(_xlfn.XLOOKUP(A13,temp_data!A:A,temp_data!N:N,""),"") | S13: =IFERROR(_xlfn.XLOOKUP(A13,temp_data!A:A,temp_data!M:M,""),"") | T13: =IFERROR(_xlfn.XLOOKUP(A13,temp_data!A:A,temp_data!O:O,""),"") | U13: =IFERROR(_xlfn.XLOOKUP(A13,temp_data!A:A,temp_data!P:P,""),"") | V13: =IFERROR(_xlfn.XLOOKUP(A13,temp_data!A:A,temp_data!Q:Q,""),"") | W13: =IFERROR(_xlfn.XLOOKUP(A13,temp_data!A:A,temp_data!R:R,""),"") | X13: =IFERROR(_xlfn.XLOOKUP(A13,temp_data!A:A,temp_data!S:S,""),"")
A14: =IF(temp_data!A12="","",temp_data!A12) | F14: =IFERROR(_xlfn.XLOOKUP(A14,temp_data!A:A,temp_data!D:D,""),"") | H14: =IFERROR(_xlfn.XLOOKUP(A14,temp_data!A:A,temp_data!E:E,""),"") | I14: =IFERROR(_xlfn.XLOOKUP(A14,temp_data!A:A,temp_data!F:F,""),"") | J14: =IFERROR(_xlfn.XLOOKUP(A14,temp_data!A:A,temp_data!G:G,""),"") | K14: =IFERROR(_xlfn.XLOOKUP(A14,temp_data!A:A,temp_data!H:H,""),"") | L14: =IFERROR(_xlfn.XLOOKUP(A14,temp_data!A:A,temp_data!I:I,""),"") | M14: =IFERROR(_xlfn.XLOOKUP(A14,temp_data!A:A,temp_data!J:J,""),"") | N14: =IFERROR(_xlfn.XLOOKUP(A14,temp_data!A:A,temp_data!K:K,""),"") | O14: =IFERROR(_xlfn.XLOOKUP(A14,temp_data!A:A,temp_data!B:B,""),"") | P14: =IFERROR(_xlfn.XLOOKUP(A14,temp_data!A:A,temp_data!C:C,""),"") | Q14: =IFERROR(_xlfn.XLOOKUP(A14,temp_data!A:A,temp_data!L:L,""),"") | R14: =IFERROR(_xlfn.XLOOKUP(A14,temp_data!A:A,temp_data!N:N,""),"") | S14: =IFERROR(_xlfn.XLOOKUP(A14,temp_data!A:A,temp_data!M:M,""),"") | T14: =IFERROR(_xlfn.XLOOKUP(A14,temp_data!A:A,temp_data!O:O,""),"") | U14: =IFERROR(_xlfn.XLOOKUP(A14,temp_data!A:A,temp_data!P:P,""),"") | V14: =IFERROR(_xlfn.XLOOKUP(A14,temp_data!A:A,temp_data!Q:Q,""),"") | W14: =IFERROR(_xlfn.XLOOKUP(A14,temp_data!A:A,temp_data!R:R,""),"") | X14: =IFERROR(_xlfn.XLOOKUP(A14,temp_data!A:A,temp_data!S:S,""),"")
... A19: =IF(temp_data!A17="","",temp_data!A17) | F19: =IFERROR(_xlfn.XLOOKUP(A19,temp_data!A:A,temp_data!D:D,""),"") | H19: =IFERROR(_xlfn.XLOOKUP(A19,temp_data!A:A,temp_data!E:E,""),"") | I19: =IFERROR(_xlfn.XLOOKUP(A19,temp_data!A:A,temp_data!F:F,""),"") | J19: =IFERROR(_xlfn.XLOOKUP(A19,temp_data!A:A,temp_data!G:G,""),"") | K19: =IFERROR(_xlfn.XLOOKUP(A19,temp_data!A:A,temp_data!H:H,""),"") | L19: =IFERROR(_xlfn.XLOOKUP(A19,temp_data!A:A,temp_data!I:I,""),"") | M19: =IFERROR(_xlfn.XLOOKUP(A19,temp_data!A:A,temp_data!J:J,""),"") | N19: =IFERROR(_xlfn.XLOOKUP(A19,temp_data!A:A,temp_data!K:K,""),"") | O19: =IFERROR(_xlfn.XLOOKUP(A19,temp_data!A:A,temp_data!B:B,""),"") | P19: =IFERROR(_xlfn.XLOOKUP(A19,temp_data!A:A,temp_data!C:C,""),"") | Q19: =IFERROR(_xlfn.XLOOKUP(A19,temp_data!A:A,temp_data!L:L,""),"") | R19: =IFERROR(_xlfn.XLOOKUP(A19,temp_data!A:A,temp_data!N:N,""),"") | S19: =IFERROR(_xlfn.XLOOKUP(A19,temp_data!A:A,temp_data!M:M,""),"") | T19: =IFERROR(_xlfn.XLOOKUP(A19,temp_data!A:A,temp_data!O:O,""),"") | U19: =IFERROR(_xlfn.XLOOKUP(A19,temp_data!A:A,temp_data!P:P,""),"") | V19: =IFERROR(_xlfn.XLOOKUP(A19,temp_data!A:A,temp_data!Q:Q,""),"") | W19: =IFERROR(_xlfn.XLOOKUP(A19,temp_data!A:A,temp_data!R:R,""),"") | X19: =IFERROR(_xlfn.XLOOKUP(A19,temp_data!A:A,temp_data!S:S,""),"")
A20: CHG0246640 | B20: 45964 | C20: CHG EMEA COE | D20: Zaki | E20: ALRAJHI04 | F20: IFX_2.1 | G20: 17.20.03.30 | H20: 6 | I20: 288 | J20: 6 | K20: 576 | L20: 9.86 | M20: 25.05 | N20: =L20+M20 -> 34.91 | O20: 40 Hrs 17 Mins | P20: 5.2 TB / Hour | Q20: 803.985TB | R20: 4.24 | S20: 209.2 | T20: 7055 | U20: 166 | V20: 3281 | W20: 11029 | X20: 21511
A21: CHG0219040 | B21: 45696 | C21: CHG APAC | D21: Azam | E21: BANGLALINKIFX | F21: IFX_2.5 | G21: 17.20.03.33 | H21: 6 | I21: 288 | J21: 6 | K21: 576 | L21: 1.36 | M21: 13.65 | N21: =L21+M21 -> 15.01 | O21: 6 Hrs 13 Mins | P21: 10.2 TB / Hour | Q21: 223.689TB | R21: 3.772 | S21: 62.5 | T21: 4193 | U21: 41 | V21: 1608 | W21: 8235 | X21: 14077
A22: CHG0239574 | B22: 45889 | C22: CHG EMEA COE | D22: James | E22: UNICREDA | F22: IFX_2.1 | G22: 17.20.03.35 | H22: 18 | I22: 864 | J22: 6 | K22: 1152 | L22: 9.53 | M22: 19.57 | N22: =L22+M22 -> 29.1 | O22: 57 Hrs 17 Mns | P22: 8.33 TB / Hour | Q22: 2310.055TB | R22: 5.593 | S22: 475.1 | T22: 88780 | U22: 403 | V22: 11885 | W22: 76442 | X22: 177510
A23: CHG0235347 | B23: 45949 | C23: CHG APAC | D23: Azam | E23: PTMLIFX | F23: IFX_2.1 | G23: 17.10.03.30 | H23: 6 | I23: 288 | J23: 6 | K23: 576 | L23: 3.5 | M23: 20.75 | N23: =L23+M23 -> 24.25 | O23: 38 Hrs 45 Mins | P23: 7 TB / Hour | Q23: 613.533TB | R23: 3.608 | S23: 209.2 | T23: 26126 | U23: 99 | V23: 6439 | W23: 53652 | X23: 26136
A24: CHG0212746 | B24: 45674 | C24: CHG EMEA COE | D24: Zaki | E24: MOBILY02 | F24: IFX_2.5 | G24: 16.20.53.57 | H24: 12 | I24: 288 | J24: 18 | K24: 432 | L24: 7.4 | M24: 35 | N24: =L24+M24 -> 42.4 | O24: 24 Hrs | P24: 8.75 TB / Hour | Q24: 665.885TB | R24: 4.156 | S24: 175.6 | T24: 196587 | U24: 129 | V24: 6375 | W24: 46689 | X24: 249780
A25: CHG0195590 | B25: 45556 | C25: CHG EMEA COE | D25: James | E25: STDSTP05 | F25: IFX_2.1.1 | G25: 17.10.03.38 | H25: 42 | I25: 2016 | J25: 54 | K25: 2112 | L25: 4.39 | M25: 5.44 | N25: =L25+M25 -> 9.83 | O25: 12 Hrs 39 Mins | P25: 33.33 TB / Hour | Q25: 1730.011TB | R25: 4.575 | S25: 421.9 | T25: 138073 | U25: 288 | V25: 8473 | W25: 101095 | X25: 247929
A26: CHG0251187 | B26: 45991 | C26: CHG APAC | D26: Sonny | E26: TDICAMTSBKPRD05 | F26: Amazon_Cloud | G26: 20.00.24.55 | H26: 2 | I26: 48 | J26: 4 | K26: 96 | L26: 1.47 | M26: 8.48 | N26: =L26+M26 -> 9.95 | O26: 3 Hrs 28 Mins | P26: 1.611 TB / Hour | Q26: 23.187TB | R26: 4.468 | S26: 5.6 | T26: 4043 | U26: 7 | V26: 297 | W26: 2217 | X26: 6564

Sheet Estimator-trial
A1: CR# | B1: Siteid | C1: Platform_Type | D1: DB_Size(TB) | E1: AMP#_cur | F1: AMP#_new | G1: Node#_cur | H1: Node#_new | I1: Compression Ratio | J1: Empty_tbl# | K1: MB_tbl# | L1: Total tbls | M1: Time Estimation(Hour) | N1: Act_Total
A2: =IF('James-Update'!A3="","",'James-Update'!A3) -> CHG0239666 | B2: =IF(A2="", "", IF(_xlfn.XLOOKUP(A2, 'James-Update'!A:A, 'James-Update'!E:E, "")="", "", _xlfn.XLOOKUP(A2, 'James-Update'!A:A, 'James-Update'!E:E, ""))) | C2: =IFERROR(_xlfn.XLOOKUP(A2,'James-Update'!A:A,'James-Update'!F:F,""),"") -> IFX_2.1.1 | D2: =IFERROR(_xlfn.XLOOKUP(A2,'James-Update'!A:A,'James-Update'!S:S,""),"") -> 204.20 | E2: =IFERROR(_xlfn.XLOOKUP(A2,'James-Update'!A:A,'James-Update'!I:I,""),"") -> 576 | F2: =IFERROR(_xlfn.XLOOKUP(A2,'James-Update'!A:A,'James-Update'!K:K,""),"") -> 768 | G2: =IFERROR(_xlfn.XLOOKUP(A2,'James-Update'!A:A,'James-Update'!H:H,""),"") -> 24 | H2: =IFERROR(_xlfn.XLOOKUP(A2,'James-Update'!A:A,'James-Update'!J:J,""),"") -> 32 | I2: =IFERROR(_xlfn.XLOOKUP(A2,'James-Update'!A:A,'James-Update'!R:R,""),"") -> 4.33 | J2: =IFERROR(_xlfn.XLOOKUP(A2,'James-Update'!A:A,'James-Update'!T:T,""),"") -> 96143 | K2: =IFERROR(_xlfn.XLOOKUP(A2,'James-Update'!A:A,'James-Update'!W:W,""),"") -> 91818 | L2: =IFERROR(_xlfn.XLOOKUP(A2,'James-Update'!A:A,'James-Update'!X:X,""),"") -> 199575 | M2: =IF(D2="", "", IFERROR( IF(C2="IFX_2.1", IF(I2=4.24, 0.0962794774 * D2 * (F2/E2) + 0.1, 0.092615411 * D2 * (F2/E2) + 0.1 ), IF(C2="IFX_2.5", IF(D2=175.6, 0.0911161732 * D2 * (F2/E2) + 0.1, 0.049733336 * D2 * (F2/E2) + 0.1 ), IF(C2="IFX_2.1.1", 0.0286208928 * D2 * (F2/E2) + 0.1, 0.3095238095 * D2 * (F2/E2) + 0.1 ) ) ), "") ) -> 7.8925151 | N2: =IFERROR(_xlfn.XLOOKUP(A2,'James-Update'!A:A,'James-Update'!O:O,""),"") -> 30
A3: =IF('James-Update'!A4="","",'James-Update'!A4) | B3: =IF(A3="", "", IF(_xlfn.XLOOKUP(A3, 'James-Update'!A:A, 'James-Update'!E:E, "")="", "", _xlfn.XLOOKUP(A3, 'James-Update'!A:A, 'James-Update'!E:E, ""))) | C3: =IFERROR(_xlfn.XLOOKUP(A3,'James-Update'!A:A,'James-Update'!F:F,""),"") | D3: =IFERROR(_xlfn.XLOOKUP(A3,'James-Update'!A:A,'James-Update'!S:S,""),"") | E3: =IFERROR(_xlfn.XLOOKUP(A3,'James-Update'!A:A,'James-Update'!I:I,""),"") | F3: =IFERROR(_xlfn.XLOOKUP(A3,'James-Update'!A:A,'James-Update'!K:K,""),"") | G3: =IFERROR(_xlfn.XLOOKUP(A3,'James-Update'!A:A,'James-Update'!H:H,""),"") | H3: =IFERROR(_xlfn.XLOOKUP(A3,'James-Update'!A:A,'James-Update'!J:J,""),"") | I3: =IFERROR(_xlfn.XLOOKUP(A3,'James-Update'!A:A,'James-Update'!R:R,""),"") | J3: =IFERROR(_xlfn.XLOOKUP(A3,'James-Update'!A:A,'James-Update'!T:T,""),"") | K3: =IFERROR(_xlfn.XLOOKUP(A3,'James-Update'!A:A,'James-Update'!W:W,""),"") | L3: =IFERROR(_xlfn.XLOOKUP(A3,'James-Update'!A:A,'James-Update'!X:X,""),"") | M3: =IF(D3="", "", IFERROR( IF(C3="IFX_2.1", IF(I3=4.24, 0.0962794774 * D3 * (F3/E3) + 0.1, 0.092615411 * D3 * (F3/E3) + 0.1 ), IF(C3="IFX_2.5", IF(D3=175.6, 0.0911161732 * D3 * (F3/E3) + 0.1, 0.049733336 * D3 * (F3/E3) + 0.1 ), IF(C3="IFX_2.1.1", 0.0286208928 * D3 * (F3/E3) + 0.1, 0.3095238095 * D3 * (F3/E3) + 0.1 ) ) ), "") ) | N3: =IFERROR(_xlfn.XLOOKUP(A3,'James-Update'!A:A,'James-Update'!O:O,""),"")
A4: =IF('James-Update'!A5="","",'James-Update'!A5) | B4: =IF(A4="", "", IF(_xlfn.XLOOKUP(A4, 'James-Update'!A:A, 'James-Update'!E:E, "")="", "", _xlfn.XLOOKUP(A4, 'James-Update'!A:A, 'James-Update'!E:E, ""))) | C4: =IFERROR(_xlfn.XLOOKUP(A4,'James-Update'!A:A,'James-Update'!F:F,""),"") | D4: =IFERROR(_xlfn.XLOOKUP(A4,'James-Update'!A:A,'James-Update'!S:S,""),"") | E4: =IFERROR(_xlfn.XLOOKUP(A4,'James-Update'!A:A,'James-Update'!I:I,""),"") | F4: =IFERROR(_xlfn.XLOOKUP(A4,'James-Update'!A:A,'James-Update'!K:K,""),"") | G4: =IFERROR(_xlfn.XLOOKUP(A4,'James-Update'!A:A,'James-Update'!H:H,""),"") | H4: =IFERROR(_xlfn.XLOOKUP(A4,'James-Update'!A:A,'James-Update'!J:J,""),"") | I4: =IFERROR(_xlfn.XLOOKUP(A4,'James-Update'!A:A,'James-Update'!R:R,""),"") | J4: =IFERROR(_xlfn.XLOOKUP(A4,'James-Update'!A:A,'James-Update'!T:T,""),"") | K4: =IFERROR(_xlfn.XLOOKUP(A4,'James-Update'!A:A,'James-Update'!W:W,""),"") | L4: =IFERROR(_xlfn.XLOOKUP(A4,'James-Update'!A:A,'James-Update'!X:X,""),"") | M4: =IF(D4="", "", IFERROR( IF(C4="IFX_2.1", IF(I4=4.24, 0.0962794774 * D4 * (F4/E4) + 0.1, 0.092615411 * D4 * (F4/E4) + 0.1 ), IF(C4="IFX_2.5", IF(D4=175.6, 0.0911161732 * D4 * (F4/E4) + 0.1, 0.049733336 * D4 * (F4/E4) + 0.1 ), IF(C4="IFX_2.1.1", 0.0286208928 * D4 * (F4/E4) + 0.1, 0.3095238095 * D4 * (F4/E4) + 0.1 ) ) ), "") ) | N4: =IFERROR(_xlfn.XLOOKUP(A4,'James-Update'!A:A,'James-Update'!O:O,""),"")
A5: =IF('James-Update'!A6="","",'James-Update'!A6) | B5: =IF(A5="", "", IF(_xlfn.XLOOKUP(A5, 'James-Update'!A:A, 'James-Update'!E:E, "")="", "", _xlfn.XLOOKUP(A5, 'James-Update'!A:A, 'James-Update'!E:E, ""))) | C5: =IFERROR(_xlfn.XLOOKUP(A5,'James-Update'!A:A,'James-Update'!F:F,""),"") | D5: =IFERROR(_xlfn.XLOOKUP(A5,'James-Update'!A:A,'James-Update'!S:S,""),"") | E5: =IFERROR(_xlfn.XLOOKUP(A5,'James-Update'!A:A,'James-Update'!I:I,""),"") | F5: =IFERROR(_xlfn.XLOOKUP(A5,'James-Update'!A:A,'James-Update'!K:K,""),"") | G5: =IFERROR(_xlfn.XLOOKUP(A5,'James-Update'!A:A,'James-Update'!H:H,""),"") | H5: =IFERROR(_xlfn.XLOOKUP(A5,'James-Update'!A:A,'James-Update'!J:J,""),"") | I5: =IFERROR(_xlfn.XLOOKUP(A5,'James-Update'!A:A,'James-Update'!R:R,""),"") | J5: =IFERROR(_xlfn.XLOOKUP(A5,'James-Update'!A:A,'James-Update'!T:T,""),"") | K5: =IFERROR(_xlfn.XLOOKUP(A5,'James-Update'!A:A,'James-Update'!W:W,""),"") | L5: =IFERROR(_xlfn.XLOOKUP(A5,'James-Update'!A:A,'James-Update'!X:X,""),"") | M5: =IF(D5="", "", IFERROR( IF(C5="IFX_2.1", IF(I5=4.24, 0.0962794774 * D5 * (F5/E5) + 0.1, 0.092615411 * D5 * (F5/E5) + 0.1 ), IF(C5="IFX_2.5", IF(D5=175.6, 0.0911161732 * D5 * (F5/E5) + 0.1, 0.049733336 * D5 * (F5/E5) + 0.1 ), IF(C5="IFX_2.1.1", 0.0286208928 * D5 * (F5/E5) + 0.1, 0.3095238095 * D5 * (F5/E5) + 0.1 ) ) ), "") ) | N5: =IFERROR(_xlfn.XLOOKUP(A5,'James-Update'!A:A,'James-Update'!O:O,""),"")
A6: =IF('James-Update'!A7="","",'James-Update'!A7) | B6: =IF(A6="", "", IF(_xlfn.XLOOKUP(A6, 'James-Update'!A:A, 'James-Update'!E:E, "")="", "", _xlfn.XLOOKUP(A6, 'James-Update'!A:A, 'James-Update'!E:E, ""))) | C6: =IFERROR(_xlfn.XLOOKUP(A6,'James-Update'!A:A,'James-Update'!F:F,""),"") | D6: =IFERROR(_xlfn.XLOOKUP(A6,'James-Update'!A:A,'James-Update'!S:S,""),"") | E6: =IFERROR(_xlfn.XLOOKUP(A6,'James-Update'!A:A,'James-Update'!I:I,""),"") | F6: =IFERROR(_xlfn.XLOOKUP(A6,'James-Update'!A:A,'James-Update'!K:K,""),"") | G6: =IFERROR(_xlfn.XLOOKUP(A6,'James-Update'!A:A,'James-Update'!H:H,""),"") | H6: =IFERROR(_xlfn.XLOOKUP(A6,'James-Update'!A:A,'James-Update'!J:J,""),"") | I6: =IFERROR(_xlfn.XLOOKUP(A6,'James-Update'!A:A,'James-Update'!R:R,""),"") | J6: =IFERROR(_xlfn.XLOOKUP(A6,'James-Update'!A:A,'James-Update'!T:T,""),"") | K6: =IFERROR(_xlfn.XLOOKUP(A6,'James-Update'!A:A,'James-Update'!W:W,""),"") | L6: =IFERROR(_xlfn.XLOOKUP(A6,'James-Update'!A:A,'James-Update'!X:X,""),"") | M6: =IF(D6="", "", IFERROR( IF(C6="IFX_2.1", IF(I6=4.24, 0.0962794774 * D6 * (F6/E6) + 0.1, 0.092615411 * D6 * (F6/E6) + 0.1 ), IF(C6="IFX_2.5", IF(D6=175.6, 0.0911161732 * D6 * (F6/E6) + 0.1, 0.049733336 * D6 * (F6/E6) + 0.1 ), IF(C6="IFX_2.1.1", 0.0286208928 * D6 * (F6/E6) + 0.1, 0.3095238095 * D6 * (F6/E6) + 0.1 ) ) ), "") ) | N6: =IFERROR(_xlfn.XLOOKUP(A6,'James-Update'!A:A,'James-Update'!O:O,""),"")
A7: =IF('James-Update'!A8="","",'James-Update'!A8) | B7: =IF(A7="", "", IF(_xlfn.XLOOKUP(A7, 'James-Update'!A:A, 'James-Update'!E:E, "")="", "", _xlfn.XLOOKUP(A7, 'James-Update'!A:A, 'James-Update'!E:E, ""))) | C7: =IFERROR(_xlfn.XLOOKUP(A7,'James-Update'!A:A,'James-Update'!F:F,""),"") | D7: =IFERROR(_xlfn.XLOOKUP(A7,'James-Update'!A:A,'James-Update'!S:S,""),"") | E7: =IFERROR(_xlfn.XLOOKUP(A7,'James-Update'!A:A,'James-Update'!I:I,""),"") | F7: =IFERROR(_xlfn.XLOOKUP(A7,'James-Update'!A:A,'James-Update'!K:K,""),"") | G7: =IFERROR(_xlfn.XLOOKUP(A7,'James-Update'!A:A,'James-Update'!H:H,""),"") | H7: =IFERROR(_xlfn.XLOOKUP(A7,'James-Update'!A:A,'James-Update'!J:J,""),"") | I7: =IFERROR(_xlfn.XLOOKUP(A7,'James-Update'!A:A,'James-Update'!R:R,""),"") | J7: =IFERROR(_xlfn.XLOOKUP(A7,'James-Update'!A:A,'James-Update'!T:T,""),"") | K7: =IFERROR(_xlfn.XLOOKUP(A7,'James-Update'!A:A,'James-Update'!W:W,""),"") | L7: =IFERROR(_xlfn.XLOOKUP(A7,'James-Update'!A:A,'James-Update'!X:X,""),"") | M7: =IF(D7="", "", IFERROR( IF(C7="IFX_2.1", IF(I7=4.24, 0.0962794774 * D7 * (F7/E7) + 0.1, 0.092615411 * D7 * (F7/E7) + 0.1 ), IF(C7="IFX_2.5", IF(D7=175.6, 0.0911161732 * D7 * (F7/E7) + 0.1, 0.049733336 * D7 * (F7/E7) + 0.1 ), IF(C7="IFX_2.1.1", 0.0286208928 * D7 * (F7/E7) + 0.1, 0.3095238095 * D7 * (F7/E7) + 0.1 ) ) ), "") ) | N7: =IFERROR(_xlfn.XLOOKUP(A7,'James-Update'!A:A,'James-Update'!O:O,""),"")
A8: =IF('James-Update'!A9="","",'James-Update'!A9) | B8: =IF(A8="", "", IF(_xlfn.XLOOKUP(A8, 'James-Update'!A:A, 'James-Update'!E:E, "")="", "", _xlfn.XLOOKUP(A8, 'James-Update'!A:A, 'James-Update'!E:E, ""))) | C8: =IFERROR(_xlfn.XLOOKUP(A8,'James-Update'!A:A,'James-Update'!F:F,""),"") | D8: =IFERROR(_xlfn.XLOOKUP(A8,'James-Update'!A:A,'James-Update'!S:S,""),"") | E8: =IFERROR(_xlfn.XLOOKUP(A8,'James-Update'!A:A,'James-Update'!I:I,""),"") | F8: =IFERROR(_xlfn.XLOOKUP(A8,'James-Update'!A:A,'James-Update'!K:K,""),"") | G8: =IFERROR(_xlfn.XLOOKUP(A8,'James-Update'!A:A,'James-Update'!H:H,""),"") | H8: =IFERROR(_xlfn.XLOOKUP(A8,'James-Update'!A:A,'James-Update'!J:J,""),"") | I8: =IFERROR(_xlfn.XLOOKUP(A8,'James-Update'!A:A,'James-Update'!R:R,""),"") | J8: =IFERROR(_xlfn.XLOOKUP(A8,'James-Update'!A:A,'James-Update'!T:T,""),"") | K8: =IFERROR(_xlfn.XLOOKUP(A8,'James-Update'!A:A,'James-Update'!W:W,""),"") | L8: =IFERROR(_xlfn.XLOOKUP(A8,'James-Update'!A:A,'James-Update'!X:X,""),"") | M8: =IF(D8="", "", IFERROR( IF(C8="IFX_2.1", IF(I8=4.24, 0.0962794774 * D8 * (F8/E8) + 0.1, 0.092615411 * D8 * (F8/E8) + 0.1 ), IF(C8="IFX_2.5", IF(D8=175.6, 0.0911161732 * D8 * (F8/E8) + 0.1, 0.049733336 * D8 * (F8/E8) + 0.1 ), IF(C8="IFX_2.1.1", 0.0286208928 * D8 * (F8/E8) + 0.1, 0.3095238095 * D8 * (F8/E8) + 0.1 ) ) ), "") ) | N8: =IFERROR(_xlfn.XLOOKUP(A8,'James-Update'!A:A,'James-Update'!O:O,""),"")
A9: =IF('James-Update'!A10="","",'James-Update'!A10) | B9: =IF(A9="", "", IF(_xlfn.XLOOKUP(A9, 'James-Update'!A:A, 'James-Update'!E:E, "")="", "", _xlfn.XLOOKUP(A9, 'James-Update'!A:A, 'James-Update'!E:E, ""))) | C9: =IFERROR(_xlfn.XLOOKUP(A9,'James-Update'!A:A,'James-Update'!F:F,""),"") | D9: =IFERROR(_xlfn.XLOOKUP(A9,'James-Update'!A:A,'James-Update'!S:S,""),"") | E9: =IFERROR(_xlfn.XLOOKUP(A9,'James-Update'!A:A,'James-Update'!I:I,""),"") | F9: =IFERROR(_xlfn.XLOOKUP(A9,'James-Update'!A:A,'James-Update'!K:K,""),"") | G9: =IFERROR(_xlfn.XLOOKUP(A9,'James-Update'!A:A,'James-Update'!H:H,""),"") | H9: =IFERROR(_xlfn.XLOOKUP(A9,'James-Update'!A:A,'James-Update'!J:J,""),"") | I9: =IFERROR(_xlfn.XLOOKUP(A9,'James-Update'!A:A,'James-Update'!R:R,""),"") | J9: =IFERROR(_xlfn.XLOOKUP(A9,'James-Update'!A:A,'James-Update'!T:T,""),"") | K9: =IFERROR(_xlfn.XLOOKUP(A9,'James-Update'!A:A,'James-Update'!W:W,""),"") | L9: =IFERROR(_xlfn.XLOOKUP(A9,'James-Update'!A:A,'James-Update'!X:X,""),"") | M9: =IF(D9="", "", IFERROR( IF(C9="IFX_2.1", IF(I9=4.24, 0.0962794774 * D9 * (F9/E9) + 0.1, 0.092615411 * D9 * (F9/E9) + 0.1 ), IF(C9="IFX_2.5", IF(D9=175.6, 0.0911161732 * D9 * (F9/E9) + 0.1, 0.049733336 * D9 * (F9/E9) + 0.1 ), IF(C9="IFX_2.1.1", 0.0286208928 * D9 * (F9/E9) + 0.1, 0.3095238095 * D9 * (F9/E9) + 0.1 ) ) ), "") ) | N9: =IFERROR(_xlfn.XLOOKUP(A9,'James-Update'!A:A,'James-Update'!O:O,""),"")
A10: =IF('James-Update'!A11="","",'James-Update'!A11) | B10: =IF(A10="", "", IF(_xlfn.XLOOKUP(A10, 'James-Update'!A:A, 'James-Update'!E:E, "")="", "", _xlfn.XLOOKUP(A10, 'James-Update'!A:A, 'James-Update'!E:E, ""))) | C10: =IFERROR(_xlfn.XLOOKUP(A10,'James-Update'!A:A,'James-Update'!F:F,""),"") | D10: =IFERROR(_xlfn.XLOOKUP(A10,'James-Update'!A:A,'James-Update'!S:S,""),"") | E10: =IFERROR(_xlfn.XLOOKUP(A10,'James-Update'!A:A,'James-Update'!I:I,""),"") | F10: =IFERROR(_xlfn.XLOOKUP(A10,'James-Update'!A:A,'James-Update'!K:K,""),"") | G10: =IFERROR(_xlfn.XLOOKUP(A10,'James-Update'!A:A,'James-Update'!H:H,""),"") | H10: =IFERROR(_xlfn.XLOOKUP(A10,'James-Update'!A:A,'James-Update'!J:J,""),"") | I10: =IFERROR(_xlfn.XLOOKUP(A10,'James-Update'!A:A,'James-Update'!R:R,""),"") | J10: =IFERROR(_xlfn.XLOOKUP(A10,'James-Update'!A:A,'James-Update'!T:T,""),"") | K10: =IFERROR(_xlfn.XLOOKUP(A10,'James-Update'!A:A,'James-Update'!W:W,""),"") | L10: =IFERROR(_xlfn.XLOOKUP(A10,'James-Update'!A:A,'James-Update'!X:X,""),"") | M10: =IF(D10="", "", IFERROR( IF(C10="IFX_2.1", IF(I10=4.24, 0.0962794774 * D10 * (F10/E10) + 0.1, 0.092615411 * D10 * (F10/E10) + 0.1 ), IF(C10="IFX_2.5", IF(D10=175.6, 0.0911161732 * D10 * (F10/E10) + 0.1, 0.049733336 * D10 * (F10/E10) + 0.1 ), IF(C10="IFX_2.1.1", 0.0286208928 * D10 * (F10/E10) + 0.1, 0.3095238095 * D10 * (F10/E10) + 0.1 ) ) ), "") ) | N10: =IFERROR(_xlfn.XLOOKUP(A10,'James-Update'!A:A,'James-Update'!O:O,""),"")
A11: =IF('James-Update'!A12="","",'James-Update'!A12) | B11: =IF(A11="", "", IF(_xlfn.XLOOKUP(A11, 'James-Update'!A:A, 'James-Update'!E:E, "")="", "", _xlfn.XLOOKUP(A11, 'James-Update'!A:A, 'James-Update'!E:E, ""))) | C11: =IFERROR(_xlfn.XLOOKUP(A11,'James-Update'!A:A,'James-Update'!F:F,""),"") | D11: =IFERROR(_xlfn.XLOOKUP(A11,'James-Update'!A:A,'James-Update'!S:S,""),"") | E11: =IFERROR(_xlfn.XLOOKUP(A11,'James-Update'!A:A,'James-Update'!I:I,""),"") | F11: =IFERROR(_xlfn.XLOOKUP(A11,'James-Update'!A:A,'James-Update'!K:K,""),"") | G11: =IFERROR(_xlfn.XLOOKUP(A11,'James-Update'!A:A,'James-Update'!H:H,""),"") | H11: =IFERROR(_xlfn.XLOOKUP(A11,'James-Update'!A:A,'James-Update'!J:J,""),"") | I11: =IFERROR(_xlfn.XLOOKUP(A11,'James-Update'!A:A,'James-Update'!R:R,""),"") | J11: =IFERROR(_xlfn.XLOOKUP(A11,'James-Update'!A:A,'James-Update'!T:T,""),"") | K11: =IFERROR(_xlfn.XLOOKUP(A11,'James-Update'!A:A,'James-Update'!W:W,""),"") | L11: =IFERROR(_xlfn.XLOOKUP(A11,'James-Update'!A:A,'James-Update'!X:X,""),"") | M11: =IF(D11="", "", IFERROR( IF(C11="IFX_2.1", IF(I11=4.24, 0.0962794774 * D11 * (F11/E11) + 0.1, 0.092615411 * D11 * (F11/E11) + 0.1 ), IF(C11="IFX_2.5", IF(D11=175.6, 0.0911161732 * D11 * (F11/E11) + 0.1, 0.049733336 * D11 * (F11/E11) + 0.1 ), IF(C11="IFX_2.1.1", 0.0286208928 * D11 * (F11/E11) + 0.1, 0.3095238095 * D11 * (F11/E11) + 0.1 ) ) ), "") ) | N11: =IFERROR(_xlfn.XLOOKUP(A11,'James-Update'!A:A,'James-Update'!O:O,""),"")
A12: =IF('James-Update'!A13="","",'James-Update'!A13) | B12: =IF(A12="", "", IF(_xlfn.XLOOKUP(A12, 'James-Update'!A:A, 'James-Update'!E:E, "")="", "", _xlfn.XLOOKUP(A12, 'James-Update'!A:A, 'James-Update'!E:E, ""))) | C12: =IFERROR(_xlfn.XLOOKUP(A12,'James-Update'!A:A,'James-Update'!F:F,""),"") | D12: =IFERROR(_xlfn.XLOOKUP(A12,'James-Update'!A:A,'James-Update'!S:S,""),"") | E12: =IFERROR(_xlfn.XLOOKUP(A12,'James-Update'!A:A,'James-Update'!I:I,""),"") | F12: =IFERROR(_xlfn.XLOOKUP(A12,'James-Update'!A:A,'James-Update'!K:K,""),"") | G12: =IFERROR(_xlfn.XLOOKUP(A12,'James-Update'!A:A,'James-Update'!H:H,""),"") | H12: =IFERROR(_xlfn.XLOOKUP(A12,'James-Update'!A:A,'James-Update'!J:J,""),"") | I12: =IFERROR(_xlfn.XLOOKUP(A12,'James-Update'!A:A,'James-Update'!R:R,""),"") | J12: =IFERROR(_xlfn.XLOOKUP(A12,'James-Update'!A:A,'James-Update'!T:T,""),"") | K12: =IFERROR(_xlfn.XLOOKUP(A12,'James-Update'!A:A,'James-Update'!W:W,""),"") | L12: =IFERROR(_xlfn.XLOOKUP(A12,'James-Update'!A:A,'James-Update'!X:X,""),"") | M12: =IF(D12="", "", IFERROR( IF(C12="IFX_2.1", IF(I12=4.24, 0.0962794774 * D12 * (F12/E12) + 0.1, 0.092615411 * D12 * (F12/E12) + 0.1 ), IF(C12="IFX_2.5", IF(D12=175.6, 0.0911161732 * D12 * (F12/E12) + 0.1, 0.049733336 * D12 * (F12/E12) + 0.1 ), IF(C12="IFX_2.1.1", 0.0286208928 * D12 * (F12/E12) + 0.1, 0.3095238095 * D12 * (F12/E12) + 0.1 ) ) ), "") ) | N12: =IFERROR(_xlfn.XLOOKUP(A12,'James-Update'!A:A,'James-Update'!O:O,""),"")
A13: =IF('James-Update'!A14="","",'James-Update'!A14) | B13: =IF(A13="", "", IF(_xlfn.XLOOKUP(A13, 'James-Update'!A:A, 'James-Update'!E:E, "")="", "", _xlfn.XLOOKUP(A13, 'James-Update'!A:A, 'James-Update'!E:E, ""))) | C13: =IFERROR(_xlfn.XLOOKUP(A13,'James-Update'!A:A,'James-Update'!F:F,""),"") | D13: =IFERROR(_xlfn.XLOOKUP(A13,'James-Update'!A:A,'James-Update'!S:S,""),"") | E13: =IFERROR(_xlfn.XLOOKUP(A13,'James-Update'!A:A,'James-Update'!I:I,""),"") | F13: =IFERROR(_xlfn.XLOOKUP(A13,'James-Update'!A:A,'James-Update'!K:K,""),"") | G13: =IFERROR(_xlfn.XLOOKUP(A13,'James-Update'!A:A,'James-Update'!H:H,""),"") | H13: =IFERROR(_xlfn.XLOOKUP(A13,'James-Update'!A:A,'James-Update'!J:J,""),"") | I13: =IFERROR(_xlfn.XLOOKUP(A13,'James-Update'!A:A,'James-Update'!R:R,""),"") | J13: =IFERROR(_xlfn.XLOOKUP(A13,'James-Update'!A:A,'James-Update'!T:T,""),"") | K13: =IFERROR(_xlfn.XLOOKUP(A13,'James-Update'!A:A,'James-Update'!W:W,""),"") | L13: =IFERROR(_xlfn.XLOOKUP(A13,'James-Update'!A:A,'James-Update'!X:X,""),"") | M13: =IF(D13="", "", IFERROR( IF(C13="IFX_2.1", IF(I13=4.24, 0.0962794774 * D13 * (F13/E13) + 0.1, 0.092615411 * D13 * (F13/E13) + 0.1 ), IF(C13="IFX_2.5", IF(D13=175.6, 0.0911161732 * D13 * (F13/E13) + 0.1, 0.049733336 * D13 * (F13/E13) + 0.1 ), IF(C13="IFX_2.1.1", 0.0286208928 * D13 * (F13/E13) + 0.1, 0.3095238095 * D13 * (F13/E13) + 0.1 ) ) ), "") ) | N13: =IFERROR(_xlfn.XLOOKUP(A13,'James-Update'!A:A,'James-Update'!O:O,""),"")
... A50: =IF('James-Update'!A51="","",'James-Update'!A51) | B50: =IF(A50="", "", IF(_xlfn.XLOOKUP(A50, 'James-Update'!A:A, 'James-Update'!E:E, "")="", "", _xlfn.XLOOKUP(A50, 'James-Update'!A:A, 'James-Update'!E:E, ""))) | C50: =IFERROR(_xlfn.XLOOKUP(A50,'James-Update'!A:A,'James-Update'!F:F,""),"") | D50: =IFERROR(_xlfn.XLOOKUP(A50,'James-Update'!A:A,'James-Update'!S:S,""),"") | E50: =IFERROR(_xlfn.XLOOKUP(A50,'James-Update'!A:A,'James-Update'!I:I,""),"") | F50: =IFERROR(_xlfn.XLOOKUP(A50,'James-Update'!A:A,'James-Update'!K:K,""),"") | G50: =IFERROR(_xlfn.XLOOKUP(A50,'James-Update'!A:A,'James-Update'!H:H,""),"") | H50: =IFERROR(_xlfn.XLOOKUP(A50,'James-Update'!A:A,'James-Update'!J:J,""),"") | I50: =IFERROR(_xlfn.XLOOKUP(A50,'James-Update'!A:A,'James-Update'!R:R,""),"") | J50: =IFERROR(_xlfn.XLOOKUP(A50,'James-Update'!A:A,'James-Update'!T:T,""),"") | K50: =IFERROR(_xlfn.XLOOKUP(A50,'James-Update'!A:A,'James-Update'!W:W,""),"") | L50: =IFERROR(_xlfn.XLOOKUP(A50,'James-Update'!A:A,'James-Update'!X:X,""),"") | M50: =IF(D50="", "", IFERROR( IF(C50="IFX_2.1", IF(I50=4.24, 0.0962794774 * D50 * (F50/E50) + 0.1, 0.092615411 * D50 * (F50/E50) + 0.1 ), IF(C50="IFX_2.5", IF(D50=175.6, 0.0911161732 * D50 * (F50/E50) + 0.1, 0.049733336 * D50 * (F50/E50) + 0.1 ), IF(C50="IFX_2.1.1", 0.0286208928 * D50 * (F50/E50) + 0.1, 0.3095238095 * D50 * (F50/E50) + 0.1 ) ) ), "") ) | N50: =IFERROR(_xlfn.XLOOKUP(A50,'James-Update'!A:A,'James-Update'!O:O,""),"")

Sheet temp_data
A1: CHG0239666 | B1: 30 | C1: 29.49 | D1: IFX_2.1.1 | E1: 24 | F1: 576 | G1: 32 | H1: 768 | I1: 6.54 | J1: 20.25 | K1: 26.79 | L1: 884.751 | M1: 204.20 | N1: 4.33 | O1: 96143 | P1: 152 | Q1: 11462 | R1: 91818 | S1: 199575
